{
  "id": "1a4d199a-b792-47e8-8f9c-2703f3f6d2a4",
  "prevId": "c12a7719-f92a-4796-a73c-72d992000fb1",
  "version": "7",
  "dialect": "postgresql",
  "tables": {
    "public.activity_logs": {
      "name": "activity_logs",
      "schema": "",
      "columns": {
        "id": {
          "name": "id",
          "type": "serial",
          "primaryKey": true,
          "notNull": true
        },
        "employee_id": {
          "name": "employee_id",
          "type": "integer",
          "primaryKey": false,
          "notNull": true
        },
        "activity_type": {
          "name": "activity_type",
          "type": "varchar(50)",
          "primaryKey": false,
          "notNull": true
        },
        "description": {
          "name": "description",
          "type": "text",
          "primaryKey": false,
          "notNull": true
        },
        "metadata": {
          "name": "metadata",
          "type": "jsonb",
          "primaryKey": false,
          "notNull": false
        },
        "timestamp": {
          "name": "timestamp",
          "type": "timestamp",
          "primaryKey": false,
          "notNull": true,
          "default": "now()"
        }
      },
      "indexes": {},
      "foreignKeys": {
        "activity_logs_employee_id_employees_id_fk": {
          "name": "activity_logs_employee_id_employees_id_fk",
          "tableFrom": "activity_logs",
          "tableTo": "employees",
          "columnsFrom": [
            "employee_id"
          ],
          "columnsTo": [
            "id"
          ],
          "onDelete": "no action",
          "onUpdate": "no action"
        }
      },
      "compositePrimaryKeys": {},
      "uniqueConstraints": {},
      "policies": {},
      "checkConstraints": {},
      "isRLSEnabled": false
    },
    "public.admin_users": {
      "name": "admin_users",
      "schema": "",
      "columns": {
        "id": {
          "name": "id",
          "type": "varchar",
          "primaryKey": true,
          "notNull": true
        },
        "email": {
          "name": "email",
          "type": "varchar",
          "primaryKey": false,
          "notNull": false
        },
        "first_name": {
          "name": "first_name",
          "type": "varchar",
          "primaryKey": false,
          "notNull": false
        },
        "last_name": {
          "name": "last_name",
          "type": "varchar",
          "primaryKey": false,
          "notNull": false
        },
        "profile_image_url": {
          "name": "profile_image_url",
          "type": "varchar",
          "primaryKey": false,
          "notNull": false
        },
        "created_at": {
          "name": "created_at",
          "type": "timestamp",
          "primaryKey": false,
          "notNull": false,
          "default": "now()"
        },
        "updated_at": {
          "name": "updated_at",
          "type": "timestamp",
          "primaryKey": false,
          "notNull": false,
          "default": "now()"
        }
      },
      "indexes": {},
      "foreignKeys": {},
      "compositePrimaryKeys": {},
      "uniqueConstraints": {
        "admin_users_email_unique": {
          "name": "admin_users_email_unique",
          "nullsNotDistinct": false,
          "columns": [
            "email"
          ]
        }
      },
      "policies": {},
      "checkConstraints": {},
      "isRLSEnabled": false
    },
    "public.ai_customers": {
      "name": "ai_customers",
      "schema": "",
      "columns": {
        "id": {
          "name": "id",
          "type": "serial",
          "primaryKey": true,
          "notNull": true
        },
        "name": {
          "name": "name",
          "type": "varchar",
          "primaryKey": false,
          "notNull": true
        },
        "email": {
          "name": "email",
          "type": "varchar",
          "primaryKey": false,
          "notNull": true
        },
        "location": {
          "name": "location",
          "type": "varchar",
          "primaryKey": false,
          "notNull": false
        },
        "customer_type": {
          "name": "customer_type",
          "type": "varchar",
          "primaryKey": false,
          "notNull": true
        },
        "personality_type": {
          "name": "personality_type",
          "type": "varchar",
          "primaryKey": false,
          "notNull": true
        },
        "profile_image_url": {
          "name": "profile_image_url",
          "type": "varchar",
          "primaryKey": false,
          "notNull": false
        },
        "avg_rating": {
          "name": "avg_rating",
          "type": "numeric(2, 1)",
          "primaryKey": false,
          "notNull": false
        },
        "service_type": {
          "name": "service_type",
          "type": "varchar",
          "primaryKey": false,
          "notNull": false
        },
        "order_number": {
          "name": "order_number",
          "type": "varchar",
          "primaryKey": false,
          "notNull": false
        },
        "tracking_status": {
          "name": "tracking_status",
          "type": "varchar",
          "primaryKey": false,
          "notNull": false
        },
        "created_at": {
          "name": "created_at",
          "type": "timestamp",
          "primaryKey": false,
          "notNull": false,
          "default": "now()"
        }
      },
      "indexes": {},
      "foreignKeys": {},
      "compositePrimaryKeys": {},
      "uniqueConstraints": {},
      "policies": {},
      "checkConstraints": {},
      "isRLSEnabled": false
    },
    "public.conversations": {
      "name": "conversations",
      "schema": "",
      "columns": {
        "id": {
          "name": "id",
          "type": "serial",
          "primaryKey": true,
          "notNull": true
        },
        "employee_id": {
          "name": "employee_id",
          "type": "integer",
          "primaryKey": false,
          "notNull": false
        },
        "ai_customer_id": {
          "name": "ai_customer_id",
          "type": "integer",
          "primaryKey": false,
          "notNull": true
        },
        "chat_number": {
          "name": "chat_number",
          "type": "varchar",
          "primaryKey": false,
          "notNull": true
        },
        "status": {
          "name": "status",
          "type": "varchar",
          "primaryKey": false,
          "notNull": true,
          "default": "'waiting'"
        },
        "issue_preview": {
          "name": "issue_preview",
          "type": "text",
          "primaryKey": false,
          "notNull": false
        },
        "started_at": {
          "name": "started_at",
          "type": "timestamp",
          "primaryKey": false,
          "notNull": false,
          "default": "now()"
        },
        "completed_at": {
          "name": "completed_at",
          "type": "timestamp",
          "primaryKey": false,
          "notNull": false
        },
        "total_minutes": {
          "name": "total_minutes",
          "type": "integer",
          "primaryKey": false,
          "notNull": false
        },
        "customer_rating": {
          "name": "customer_rating",
          "type": "integer",
          "primaryKey": false,
          "notNull": false
        },
        "customer_review": {
          "name": "customer_review",
          "type": "text",
          "primaryKey": false,
          "notNull": false
        },
        "earnings": {
          "name": "earnings",
          "type": "numeric(10, 2)",
          "primaryKey": false,
          "notNull": false
        },
        "was_abandoned": {
          "name": "was_abandoned",
          "type": "boolean",
          "primaryKey": false,
          "notNull": false,
          "default": false
        }
      },
      "indexes": {},
      "foreignKeys": {
        "conversations_employee_id_employees_id_fk": {
          "name": "conversations_employee_id_employees_id_fk",
          "tableFrom": "conversations",
          "tableTo": "employees",
          "columnsFrom": [
            "employee_id"
          ],
          "columnsTo": [
            "id"
          ],
          "onDelete": "no action",
          "onUpdate": "no action"
        },
        "conversations_ai_customer_id_ai_customers_id_fk": {
          "name": "conversations_ai_customer_id_ai_customers_id_fk",
          "tableFrom": "conversations",
          "tableTo": "ai_customers",
          "columnsFrom": [
            "ai_customer_id"
          ],
          "columnsTo": [
            "id"
          ],
          "onDelete": "no action",
          "onUpdate": "no action"
        }
      },
      "compositePrimaryKeys": {},
      "uniqueConstraints": {
        "conversations_chat_number_unique": {
          "name": "conversations_chat_number_unique",
          "nullsNotDistinct": false,
          "columns": [
            "chat_number"
          ]
        }
      },
      "policies": {},
      "checkConstraints": {},
      "isRLSEnabled": false
    },
    "public.earnings": {
      "name": "earnings",
      "schema": "",
      "columns": {
        "id": {
          "name": "id",
          "type": "serial",
          "primaryKey": true,
          "notNull": true
        },
        "employee_id": {
          "name": "employee_id",
          "type": "integer",
          "primaryKey": false,
          "notNull": true
        },
        "conversation_id": {
          "name": "conversation_id",
          "type": "integer",
          "primaryKey": false,
          "notNull": false
        },
        "amount": {
          "name": "amount",
          "type": "numeric(10, 2)",
          "primaryKey": false,
          "notNull": true
        },
        "type": {
          "name": "type",
          "type": "varchar",
          "primaryKey": false,
          "notNull": true
        },
        "description": {
          "name": "description",
          "type": "varchar",
          "primaryKey": false,
          "notNull": false
        },
        "earned_at": {
          "name": "earned_at",
          "type": "timestamp",
          "primaryKey": false,
          "notNull": false,
          "default": "now()"
        }
      },
      "indexes": {},
      "foreignKeys": {
        "earnings_employee_id_employees_id_fk": {
          "name": "earnings_employee_id_employees_id_fk",
          "tableFrom": "earnings",
          "tableTo": "employees",
          "columnsFrom": [
            "employee_id"
          ],
          "columnsTo": [
            "id"
          ],
          "onDelete": "no action",
          "onUpdate": "no action"
        },
        "earnings_conversation_id_conversations_id_fk": {
          "name": "earnings_conversation_id_conversations_id_fk",
          "tableFrom": "earnings",
          "tableTo": "conversations",
          "columnsFrom": [
            "conversation_id"
          ],
          "columnsTo": [
            "id"
          ],
          "onDelete": "no action",
          "onUpdate": "no action"
        }
      },
      "compositePrimaryKeys": {},
      "uniqueConstraints": {},
      "policies": {},
      "checkConstraints": {},
      "isRLSEnabled": false
    },
    "public.employees": {
      "name": "employees",
      "schema": "",
      "columns": {
        "id": {
          "name": "id",
          "type": "serial",
          "primaryKey": true,
          "notNull": true
        },
        "email": {
          "name": "email",
          "type": "varchar",
          "primaryKey": false,
          "notNull": true
        },
        "password": {
          "name": "password",
          "type": "varchar",
          "primaryKey": false,
          "notNull": true
        },
        "first_name": {
          "name": "first_name",
          "type": "varchar",
          "primaryKey": false,
          "notNull": true
        },
        "last_name": {
          "name": "last_name",
          "type": "varchar",
          "primaryKey": false,
          "notNull": true
        },
        "profile_image_url": {
          "name": "profile_image_url",
          "type": "varchar",
          "primaryKey": false,
          "notNull": false
        },
        "is_active": {
          "name": "is_active",
          "type": "boolean",
          "primaryKey": false,
          "notNull": false,
          "default": true
        },
        "hourly_rate": {
          "name": "hourly_rate",
          "type": "numeric(10, 2)",
          "primaryKey": false,
          "notNull": false,
          "default": "'15.00'"
        },
        "created_at": {
          "name": "created_at",
          "type": "timestamp",
          "primaryKey": false,
          "notNull": false,
          "default": "now()"
        },
        "updated_at": {
          "name": "updated_at",
          "type": "timestamp",
          "primaryKey": false,
          "notNull": false,
          "default": "now()"
        }
      },
      "indexes": {},
      "foreignKeys": {},
      "compositePrimaryKeys": {},
      "uniqueConstraints": {
        "employees_email_unique": {
          "name": "employees_email_unique",
          "nullsNotDistinct": false,
          "columns": [
            "email"
          ]
        }
      },
      "policies": {},
      "checkConstraints": {},
      "isRLSEnabled": false
    },
    "public.messages": {
      "name": "messages",
      "schema": "",
      "columns": {
        "id": {
          "name": "id",
          "type": "serial",
          "primaryKey": true,
          "notNull": true
        },
        "conversation_id": {
          "name": "conversation_id",
          "type": "integer",
          "primaryKey": false,
          "notNull": true
        },
        "sender_type": {
          "name": "sender_type",
          "type": "varchar",
          "primaryKey": false,
          "notNull": true
        },
        "content": {
          "name": "content",
          "type": "text",
          "primaryKey": false,
          "notNull": true
        },
        "timestamp": {
          "name": "timestamp",
          "type": "timestamp",
          "primaryKey": false,
          "notNull": false,
          "default": "now()"
        }
      },
      "indexes": {},
      "foreignKeys": {
        "messages_conversation_id_conversations_id_fk": {
          "name": "messages_conversation_id_conversations_id_fk",
          "tableFrom": "messages",
          "tableTo": "conversations",
          "columnsFrom": [
            "conversation_id"
          ],
          "columnsTo": [
            "id"
          ],
          "onDelete": "no action",
          "onUpdate": "no action"
        }
      },
      "compositePrimaryKeys": {},
      "uniqueConstraints": {},
      "policies": {},
      "checkConstraints": {},
      "isRLSEnabled": false
    },
    "public.sessions": {
      "name": "sessions",
      "schema": "",
      "columns": {
        "sid": {
          "name": "sid",
          "type": "varchar",
          "primaryKey": true,
          "notNull": true
        },
        "sess": {
          "name": "sess",
          "type": "jsonb",
          "primaryKey": false,
          "notNull": true
        },
        "expire": {
          "name": "expire",
          "type": "timestamp",
          "primaryKey": false,
          "notNull": true
        }
      },
      "indexes": {
        "IDX_session_expire": {
          "name": "IDX_session_expire",
          "columns": [
            {
              "expression": "expire",
              "isExpression": false,
              "asc": true,
              "nulls": "last"
            }
          ],
          "isUnique": false,
          "concurrently": false,
          "method": "btree",
          "with": {}
        }
      },
      "foreignKeys": {},
      "compositePrimaryKeys": {},
      "uniqueConstraints": {},
      "policies": {},
      "checkConstraints": {},
      "isRLSEnabled": false
    },
    "public.work_sessions": {
      "name": "work_sessions",
      "schema": "",
      "columns": {
        "id": {
          "name": "id",
          "type": "serial",
          "primaryKey": true,
          "notNull": true
        },
        "employee_id": {
          "name": "employee_id",
          "type": "integer",
          "primaryKey": false,
          "notNull": true
        },
        "clock_in_time": {
          "name": "clock_in_time",
          "type": "timestamp",
          "primaryKey": false,
          "notNull": true
        },
        "clock_out_time": {
          "name": "clock_out_time",
          "type": "timestamp",
          "primaryKey": false,
          "notNull": false
        },
        "total_minutes": {
          "name": "total_minutes",
          "type": "integer",
          "primaryKey": false,
          "notNull": false
        },
        "is_on_break": {
          "name": "is_on_break",
          "type": "boolean",
          "primaryKey": false,
          "notNull": false,
          "default": false
        },
        "break_start_time": {
          "name": "break_start_time",
          "type": "timestamp",
          "primaryKey": false,
          "notNull": false
        },
        "total_break_minutes": {
          "name": "total_break_minutes",
          "type": "integer",
          "primaryKey": false,
          "notNull": false,
          "default": 0
        },
        "created_at": {
          "name": "created_at",
          "type": "timestamp",
          "primaryKey": false,
          "notNull": false,
          "default": "now()"
        }
      },
      "indexes": {},
      "foreignKeys": {
        "work_sessions_employee_id_employees_id_fk": {
          "name": "work_sessions_employee_id_employees_id_fk",
          "tableFrom": "work_sessions",
          "tableTo": "employees",
          "columnsFrom": [
            "employee_id"
          ],
          "columnsTo": [
            "id"
          ],
          "onDelete": "no action",
          "onUpdate": "no action"
        }
      },
      "compositePrimaryKeys": {},
      "uniqueConstraints": {},
      "policies": {},
      "checkConstraints": {},
      "isRLSEnabled": false
    }
  },
  "enums": {},
  "schemas": {},
  "sequences": {},
  "roles": {},
  "policies": {},
  "views": {},
  "_meta": {
    "columns": {},
    "schemas": {},
    "tables": {}
  }
}